City_ID,City,Country,Lat,Lng,Max Temp,Humidity,Cloudiness,Wind Speed,Current Description
0,Akdepe,TM,42.0551,59.3788,46.94,32,30,9.42,scattered clouds
1,Yabrud,SY,33.9674,36.6574,42.03,45,1,1.86,clear sky
2,Kaberamaido,UG,1.7389,33.1594,67.69,88,12,3.69,few clouds
3,Yushu,CN,44.8,126.5333,40.57,25,3,15.37,clear sky
4,East London,ZA,-33.0153,27.9116,69.42,84,100,6.76,light rain
5,Moanda,GA,-1.5575,13.2178,71.87,88,28,1.97,scattered clouds
6,Praya,CV,14.9215,-23.5087,68.54,73,20,20.71,few clouds
7,Chistogorskiy,RU,53.9835,87.3843,34.29,81,99,14.74,overcast clouds
8,Hithadhoo,MV,-0.6,73.0833,82.63,69,10,5.84,clear sky
9,Belmonte,BR,-15.8631,-38.8828,76.6,83,12,3.96,few clouds
10,Ushuaia,AR,-54.8,-68.3,46.06,66,40,4.61,scattered clouds
11,Berlevag,NO,70.8578,29.0864,24.8,70,100,17.96,light snow
12,Alice Springs,AU,-23.7,133.8833,78.35,36,37,10.36,scattered clouds
13,Bluff,NZ,-46.6,168.3333,62.29,80,100,8.19,overcast clouds
14,Tuy Hoa,VN,13.0833,109.3,75.45,92,100,10.92,overcast clouds
15,Punta Arenas,CL,-53.15,-70.9167,50.11,57,75,11.5,broken clouds
16,Saint-Philippe,RE,-21.3585,55.7679,76.59,75,88,16.06,overcast clouds
17,Mao,ES,39.8885,4.2658,50.56,93,0,3.44,clear sky
18,Bengkulu,ID,-3.8004,102.2655,84.38,66,44,8.41,scattered clouds
19,Zavet,BG,43.7667,26.6667,50.81,68,100,8.16,overcast clouds
20,Severo-Kurilsk,RU,50.6789,156.125,31.37,76,36,15.46,scattered clouds
21,Carnarvon,AU,-23.7,133.8833,78.35,36,37,10.36,scattered clouds
22,Ambikapur,IN,23.1167,83.2,91.51,8,9,4.76,clear sky
23,San Cristobal,VE,7.7669,-72.225,68.18,67,100,1.25,overcast clouds
24,Nizhneyansk,RU,50.6789,156.125,31.37,76,36,15.46,scattered clouds
25,Maceio,BR,-9.6658,-35.7353,76.44,94,75,2.3,broken clouds
26,Ahipara,NZ,-46.6,168.3333,62.29,80,100,8.19,overcast clouds
27,Leskovik,AL,40.1514,20.5972,44.47,97,100,5.55,overcast clouds
28,Bredasdorp,ZA,-34.5322,20.0403,59.61,82,100,3.22,overcast clouds
29,Cape Town,ZA,-34.5322,20.0403,59.61,82,100,3.22,overcast clouds
30,Atuona,PF,-9.8,-139.0333,79.11,73,23,12.66,few clouds
31,Paracuru,BR,-9.6658,-35.7353,76.44,94,75,2.3,broken clouds
32,Rikitea,PF,-9.8,-139.0333,79.11,73,23,12.66,few clouds
33,Hermanus,ZA,-34.5322,20.0403,59.61,82,100,3.22,overcast clouds
34,Urucara,BR,-9.6658,-35.7353,76.44,94,75,2.3,broken clouds
35,Airai,TL,-8.9266,125.4092,72.61,62,95,1.45,overcast clouds
36,Hirara,JP,24.8,125.2833,75.13,87,0,7.18,clear sky
37,Kalino,RU,50.6789,156.125,31.37,76,36,15.46,scattered clouds
38,Arraial Do Cabo,BR,-9.6658,-35.7353,76.44,94,75,2.3,broken clouds
39,Busselton,AU,-23.7,133.8833,78.35,36,37,10.36,scattered clouds
40,Muzhi,RU,50.6789,156.125,31.37,76,36,15.46,scattered clouds
41,Margate,ZA,-34.5322,20.0403,59.61,82,100,3.22,overcast clouds
42,Hilo,US,19.7297,-155.09,78.53,84,100,6.91,very heavy rain
43,Fortuna,US,19.7297,-155.09,78.53,84,100,6.91,very heavy rain
44,Constitucion,CL,-35.3333,-72.4167,54.3,53,0,6.89,clear sky
45,Marawi,PH,7.9986,124.2928,79.27,71,10,3.98,clear sky
46,Kamenskoye,RU,50.6789,156.125,31.37,76,36,15.46,scattered clouds
47,Qujing,CN,25.4833,103.7833,58.05,78,90,10.87,overcast clouds
48,Sao Felix Do Xingu,BR,-9.6658,-35.7353,76.44,94,75,2.3,broken clouds
49,Jamestown,US,42.097,-79.2353,53.19,43,0,13.0,clear sky
50,Vaini,TO,-21.2,-175.2,84.36,84,75,11.5,broken clouds
51,Tezu,IN,23.1167,83.2,91.51,8,9,4.76,clear sky
52,Emerald,AU,-23.7,133.8833,78.35,36,37,10.36,scattered clouds
53,Georgetown,US,42.097,-79.2353,53.19,43,0,13.0,clear sky
54,Lagoa,PT,39.05,-27.9833,59.86,90,98,6.71,overcast clouds
55,Caravelas,BR,-9.6658,-35.7353,76.44,94,75,2.3,broken clouds
56,Ilulissat,GL,69.2167,-51.1,19.42,93,100,3.44,overcast clouds
57,Kalaleh,IR,37.3807,55.4916,60.66,36,73,6.15,broken clouds
58,Khatanga,RU,50.6789,156.125,31.37,76,36,15.46,scattered clouds
59,Sao Joao Da Barra,BR,-9.6658,-35.7353,76.44,94,75,2.3,broken clouds
60,Albany,AU,-23.7,133.8833,78.35,36,37,10.36,scattered clouds
61,Hobart,AU,-23.7,133.8833,78.35,36,37,10.36,scattered clouds
62,Souillac,MU,-20.5167,57.5167,77.67,76,87,21.72,overcast clouds
63,Mataura,PF,-9.8,-139.0333,79.11,73,23,12.66,few clouds
64,Mahebourg,MU,-20.5167,57.5167,77.67,76,87,21.72,overcast clouds
65,Hamilton,AU,-23.7,133.8833,78.35,36,37,10.36,scattered clouds
66,Tiksi,RU,50.6789,156.125,31.37,76,36,15.46,scattered clouds
67,Eureka,US,19.7297,-155.09,78.53,84,100,6.91,very heavy rain
68,Mar Del Plata,AR,-54.8,-68.3,46.06,66,40,4.61,scattered clouds
69,Fukue,JP,24.8,125.2833,75.13,87,0,7.18,clear sky
70,Betare Oya,CM,5.6,14.0833,68.97,36,81,2.75,broken clouds
71,Edzell,GB,56.8095,-2.6549,33.01,78,8,6.71,clear sky
72,Maumere,ID,-3.8004,102.2655,84.38,66,44,8.41,scattered clouds
73,Barrow,US,19.7297,-155.09,78.53,84,100,6.91,very heavy rain
74,Surt,LY,31.2089,16.5887,72.57,22,87,23.49,overcast clouds
75,Ribeira Brava,PT,32.65,-17.0667,63.05,79,0,3.11,clear sky
76,Tasiilaq,GL,69.2167,-51.1,19.42,93,100,3.44,overcast clouds
77,Komatipoort,ZA,-34.5322,20.0403,59.61,82,100,3.22,overcast clouds
78,Victoria,HK,22.2855,114.1577,82.45,71,1,5.99,clear sky
79,Husavik,IS,66.0449,-17.3389,29.46,79,100,5.73,overcast clouds
80,Vila,PT,42.0304,-8.1588,41.88,91,100,2.21,overcast clouds
81,Gorno-Chuyskiy,RU,50.6789,156.125,31.37,76,36,15.46,scattered clouds
82,Salalah,OM,17.0151,54.0924,71.69,60,0,5.75,clear sky
83,Codrington,AU,-38.2667,141.9667,60.98,56,97,20.4,overcast clouds
84,New Norfolk,AU,-23.7,133.8833,78.35,36,37,10.36,scattered clouds
85,Sao Miguel Do Araguaia,BR,-9.6658,-35.7353,76.44,94,75,2.3,broken clouds
86,Port Blair,IN,23.1167,83.2,91.51,8,9,4.76,clear sky
87,Ribeira Grande,PT,39.05,-27.9833,59.86,90,98,6.71,overcast clouds
88,Leningradskiy,RU,50.6789,156.125,31.37,76,36,15.46,scattered clouds
89,Peringat,MY,6.0333,102.2833,85.62,69,96,3.69,overcast clouds
90,Mys Shmidta,RU,50.6789,156.125,31.37,76,36,15.46,scattered clouds
91,Cabo San Lucas,CL,-35.3333,-72.4167,54.3,53,0,6.89,clear sky
92,Chuy,UY,-33.6971,-53.4616,52.57,67,22,10.87,few clouds
93,Luderitz,NA,-26.6481,15.1594,61.56,66,0,14.34,clear sky
94,Huarmey,PE,-10.0681,-78.1522,70.66,84,100,10.6,overcast clouds
95,Pevek,RU,50.6789,156.125,31.37,76,36,15.46,scattered clouds
96,Ouango,CF,4.3133,22.5552,74.77,70,72,2.53,broken clouds
97,Faya,ES,39.8885,4.2658,50.56,93,0,3.44,clear sky
98,Qaqortoq,GL,69.2167,-51.1,19.42,93,100,3.44,overcast clouds
99,Grindavik,IS,66.0449,-17.3389,29.46,79,100,5.73,overcast clouds
100,Kilindoni,TZ,-7.9139,39.6668,77.67,86,93,8.43,moderate rain
101,Amderma,RU,50.6789,156.125,31.37,76,36,15.46,scattered clouds
102,Sitka,US,19.7297,-155.09,78.53,84,100,6.91,very heavy rain
103,Carnarvon,ZA,-34.5322,20.0403,59.61,82,100,3.22,overcast clouds
104,Srednekolymsk,RU,50.6789,156.125,31.37,76,36,15.46,scattered clouds
105,Katherine,AU,-23.7,133.8833,78.35,36,37,10.36,scattered clouds
106,Ohara,JP,24.8,125.2833,75.13,87,0,7.18,clear sky
107,Puerto Ayora,VE,7.7669,-72.225,68.18,67,100,1.25,overcast clouds
108,Acapulco,CL,-35.3333,-72.4167,54.3,53,0,6.89,clear sky
109,Bethel,US,19.7297,-155.09,78.53,84,100,6.91,very heavy rain
110,Nizhniy Odes,RU,50.6789,156.125,31.37,76,36,15.46,scattered clouds
111,Karaul,RU,50.6789,156.125,31.37,76,36,15.46,scattered clouds
112,Galveston,US,19.7297,-155.09,78.53,84,100,6.91,very heavy rain
113,Takoradi,GH,4.8845,-1.7554,80.22,88,80,7.23,broken clouds
114,Kahului,US,19.7297,-155.09,78.53,84,100,6.91,very heavy rain
115,San Andres,CO,12.5847,-81.7006,80.62,78,40,10.36,scattered clouds
116,Cap Malheureux,MU,-20.5167,57.5167,77.67,76,87,21.72,overcast clouds
117,Esperance,AU,-23.7,133.8833,78.35,36,37,10.36,scattered clouds
118,Castro,CL,-53.15,-70.9167,50.11,57,75,11.5,broken clouds
119,Akureyri,IS,66.0449,-17.3389,29.46,79,100,5.73,overcast clouds
120,Hasaki,JP,24.8,125.2833,75.13,87,0,7.18,clear sky
121,Cabedelo,BR,-9.6658,-35.7353,76.44,94,75,2.3,broken clouds
122,Nikolskoye,RU,50.6789,156.125,31.37,76,36,15.46,scattered clouds
123,Tupi Paulista,BR,-9.6658,-35.7353,76.44,94,75,2.3,broken clouds
124,Saint-Francois,FR,46.4154,3.9054,47.68,88,100,4.61,overcast clouds
125,Bulgan,MN,48.8125,103.5347,31.98,35,100,4.36,overcast clouds
126,Vao,NC,-22.6667,167.4833,78.78,85,8,16.17,clear sky
127,Vysokogornyy,RU,50.6789,156.125,31.37,76,36,15.46,scattered clouds
128,Kapaa,US,19.7297,-155.09,78.53,84,100,6.91,very heavy rain
129,Fayetteville,US,19.7297,-155.09,78.53,84,100,6.91,very heavy rain
130,Praia,PT,32.65,-17.0667,63.05,79,0,3.11,clear sky
131,Kloulklubed,TL,-8.9266,125.4092,72.61,62,95,1.45,overcast clouds
132,Nantucket,US,19.7297,-155.09,78.53,84,100,6.91,very heavy rain
133,Soyo,AO,-6.1349,12.3689,77.97,89,77,9.13,broken clouds
134,Edd,ER,13.9297,41.6925,83.37,30,0,15.59,clear sky
135,Port Alfred,ZA,-34.5322,20.0403,59.61,82,100,3.22,overcast clouds
136,Lompoc,US,19.7297,-155.09,78.53,84,100,6.91,very heavy rain
137,Newport,US,19.7297,-155.09,78.53,84,100,6.91,very heavy rain
138,Lavrentiya,RU,50.6789,156.125,31.37,76,36,15.46,scattered clouds
139,Chunoyar,RU,50.6789,156.125,31.37,76,36,15.46,scattered clouds
140,Nongan,CN,25.4833,103.7833,58.05,78,90,10.87,overcast clouds
141,San Ramon,US,37.7799,-121.978,54.64,82,20,10.36,few clouds
142,Faanui,PF,-9.8,-139.0333,79.11,73,23,12.66,few clouds
143,Mount Isa,AU,-23.7,133.8833,78.35,36,37,10.36,scattered clouds
144,Cherskiy,RU,50.6789,156.125,31.37,76,36,15.46,scattered clouds
145,Saskylakh,RU,50.6789,156.125,31.37,76,36,15.46,scattered clouds
146,Tupik,RU,50.6789,156.125,31.37,76,36,15.46,scattered clouds
147,Alofi,NU,-19.0595,-169.9187,84.09,79,40,8.05,scattered clouds
148,Grand Gaube,MU,-20.5167,57.5167,77.67,76,87,21.72,overcast clouds
149,Klaksvik,FO,62.2266,-6.589,31.12,66,98,18.05,light snow
150,Paamiut,GL,69.2167,-51.1,19.42,93,100,3.44,overcast clouds
151,Kalmar,SE,56.6616,16.3616,27.97,88,1,4.61,clear sky
152,Conde,BR,-9.6658,-35.7353,76.44,94,75,2.3,broken clouds
153,Alta Floresta,BR,-9.6658,-35.7353,76.44,94,75,2.3,broken clouds
154,Kulhudhuffushi,MV,6.6221,73.07,83.25,71,49,4.03,scattered clouds
155,Nikolayevka,RU,50.6789,156.125,31.37,76,36,15.46,scattered clouds
156,Grand River South East,MU,-20.5167,57.5167,77.67,76,87,21.72,overcast clouds
157,Dikson,RU,50.6789,156.125,31.37,76,36,15.46,scattered clouds
158,Topolobampo,CL,-35.3333,-72.4167,54.3,53,0,6.89,clear sky
159,Yulara,AU,-23.7,133.8833,78.35,36,37,10.36,scattered clouds
160,Ballina,AU,-28.8667,153.5667,78.01,77,99,23.33,overcast clouds
161,Port Elizabeth,ZA,-34.5322,20.0403,59.61,82,100,3.22,overcast clouds
162,Kodiak,US,19.7297,-155.09,78.53,84,100,6.91,very heavy rain
163,Narsaq,GL,69.2167,-51.1,19.42,93,100,3.44,overcast clouds
164,Nanortalik,GL,69.2167,-51.1,19.42,93,100,3.44,overcast clouds
165,Provideniya,RU,50.6789,156.125,31.37,76,36,15.46,scattered clouds
166,Tumannyy,RU,50.6789,156.125,31.37,76,36,15.46,scattered clouds
167,Daru,PG,-9.0763,143.2092,85.37,69,68,7.58,broken clouds
168,Deputatskiy,RU,50.6789,156.125,31.37,76,36,15.46,scattered clouds
169,Dunedin,NZ,-46.6,168.3333,62.29,80,100,8.19,overcast clouds
170,Portland,AU,-23.7,133.8833,78.35,36,37,10.36,scattered clouds
171,Raga,PH,7.9986,124.2928,79.27,71,10,3.98,clear sky
172,Armacao Dos Buzios,BR,-9.6658,-35.7353,76.44,94,75,2.3,broken clouds
173,Ponta Do Sol,PT,32.65,-17.0667,63.05,79,0,3.11,clear sky
174,Belyy Yar,RU,50.6789,156.125,31.37,76,36,15.46,scattered clouds
175,Bireun,ID,-3.8004,102.2655,84.38,66,44,8.41,scattered clouds
176,Belushya Guba,RU,50.6789,156.125,31.37,76,36,15.46,scattered clouds
177,Arani,US,37.7799,-121.978,54.64,82,20,10.36,few clouds
178,Nome,US,19.7297,-155.09,78.53,84,100,6.91,very heavy rain
179,Ostrovnoy,RU,50.6789,156.125,31.37,76,36,15.46,scattered clouds
180,Vetlanda,SE,56.6616,16.3616,27.97,88,1,4.61,clear sky
181,Rocha,UY,-33.6971,-53.4616,52.57,67,22,10.87,few clouds
182,Nuuk,GL,69.2167,-51.1,19.42,93,100,3.44,overcast clouds
183,Sentyabrskiy,RU,50.6789,156.125,31.37,76,36,15.46,scattered clouds
184,Male,MV,6.6221,73.07,83.25,71,49,4.03,scattered clouds
185,Hualmay,PE,-10.0681,-78.1522,70.66,84,100,10.6,overcast clouds
186,Katsuura,JP,24.8,125.2833,75.13,87,0,7.18,clear sky
187,Tyrma,RU,50.6789,156.125,31.37,76,36,15.46,scattered clouds
188,Kaseda,JP,24.8,125.2833,75.13,87,0,7.18,clear sky
189,Severnoye,RU,50.6789,156.125,31.37,76,36,15.46,scattered clouds
190,Lebu,CL,-53.15,-70.9167,50.11,57,75,11.5,broken clouds
191,Talnakh,RU,50.6789,156.125,31.37,76,36,15.46,scattered clouds
192,Solnechnyy,RU,50.6789,156.125,31.37,76,36,15.46,scattered clouds
193,Batticaloa,LK,7.7102,81.6924,80.31,76,8,3.06,clear sky
194,Pak Chong,TH,14.708,101.4161,90.21,52,54,8.99,broken clouds
195,Kukes,AL,40.1514,20.5972,44.47,97,100,5.55,overcast clouds
196,Guanica,US,19.7297,-155.09,78.53,84,100,6.91,very heavy rain
197,Kapit,MY,6.0333,102.2833,85.62,69,96,3.69,overcast clouds
198,Kruisfontein,ZA,-34.5322,20.0403,59.61,82,100,3.22,overcast clouds
199,Ingham,AU,-23.7,133.8833,78.35,36,37,10.36,scattered clouds
200,Prainha,BR,-9.6658,-35.7353,76.44,94,75,2.3,broken clouds
201,Carbonia,IT,39.1672,8.5222,57.85,93,99,13.51,overcast clouds
202,Avarua,CK,-21.2078,-159.775,84.25,79,20,9.22,few clouds
203,Novo Aripuana,BR,-9.6658,-35.7353,76.44,94,75,2.3,broken clouds
204,Xinqing,CN,25.4833,103.7833,58.05,78,90,10.87,overcast clouds
205,Evensk,RU,50.6789,156.125,31.37,76,36,15.46,scattered clouds
206,Alvaraes,BR,-9.6658,-35.7353,76.44,94,75,2.3,broken clouds
207,Walvis Bay,NA,-26.6481,15.1594,61.56,66,0,14.34,clear sky
208,Siddipet,IN,23.1167,83.2,91.51,8,9,4.76,clear sky
209,Itoman,JP,24.8,125.2833,75.13,87,0,7.18,clear sky
210,Laguna,BR,-9.6658,-35.7353,76.44,94,75,2.3,broken clouds
211,Tecoanapa,CL,-35.3333,-72.4167,54.3,53,0,6.89,clear sky
212,Perth,AU,-23.7,133.8833,78.35,36,37,10.36,scattered clouds
213,Nyrob,RU,50.6789,156.125,31.37,76,36,15.46,scattered clouds
214,Alepe,CI,5.5004,-3.6631,82.27,93,40,3.02,scattered clouds
215,Bahar,IR,37.3807,55.4916,60.66,36,73,6.15,broken clouds
216,Yorkton,CA,51.2167,-102.4677,11.26,96,33,4.94,scattered clouds
217,Raudeberg,NO,70.8578,29.0864,24.8,70,100,17.96,light snow
218,Almeirim,BR,-9.6658,-35.7353,76.44,94,75,2.3,broken clouds
219,Kuandian,CN,25.4833,103.7833,58.05,78,90,10.87,overcast clouds
220,Norman Wells,CA,51.2167,-102.4677,11.26,96,33,4.94,scattered clouds
221,Beloha,MG,-25.1667,45.05,65.8,87,0,7.78,clear sky
222,Los Algarrobos,PA,8.5,-82.4333,75.61,94,20,1.14,few clouds
223,Mpika,ZM,-11.8343,31.4529,61.38,96,98,9.08,overcast clouds
224,Peniche,PT,39.05,-27.9833,59.86,90,98,6.71,overcast clouds
225,Pisco,PE,-10.0681,-78.1522,70.66,84,100,10.6,overcast clouds
226,Avera,PF,-9.8,-139.0333,79.11,73,23,12.66,few clouds
227,Thinadhoo,MV,6.6221,73.07,83.25,71,49,4.03,scattered clouds
228,Tortoli,IT,39.1672,8.5222,57.85,93,99,13.51,overcast clouds
229,Upernavik,GL,69.2167,-51.1,19.42,93,100,3.44,overcast clouds
230,Mangan,IN,23.1167,83.2,91.51,8,9,4.76,clear sky
231,Paka,MY,6.0333,102.2833,85.62,69,96,3.69,overcast clouds
232,Kurashiki,JP,24.8,125.2833,75.13,87,0,7.18,clear sky
233,Ancud,CL,-53.15,-70.9167,50.11,57,75,11.5,broken clouds
234,Itarema,BR,-9.6658,-35.7353,76.44,94,75,2.3,broken clouds
235,Balkanabat,TM,42.0551,59.3788,46.94,32,30,9.42,scattered clouds
236,Tiarei,PF,-9.8,-139.0333,79.11,73,23,12.66,few clouds
237,Yefremov,RU,50.6789,156.125,31.37,76,36,15.46,scattered clouds
238,Sokoni,TZ,-7.9139,39.6668,77.67,86,93,8.43,moderate rain
239,Bam,IR,37.3807,55.4916,60.66,36,73,6.15,broken clouds
240,Zinder,NE,13.8072,8.9881,71.42,5,41,8.63,scattered clouds
241,Gouvieux,FR,49.1871,2.4144,44.89,90,100,6.96,overcast clouds
242,Visakhapatnam,IN,23.1167,83.2,91.51,8,9,4.76,clear sky
243,Kavieng,PG,-9.0763,143.2092,85.37,69,68,7.58,broken clouds
244,Iquitos,PE,-10.0681,-78.1522,70.66,84,100,10.6,overcast clouds
245,Tuatapere,NZ,-46.6,168.3333,62.29,80,100,8.19,overcast clouds
246,Rudbar,AF,30.15,62.6,62.64,17,0,2.71,clear sky
247,Liberal,US,19.7297,-155.09,78.53,84,100,6.91,very heavy rain
248,Seminole,US,19.7297,-155.09,78.53,84,100,6.91,very heavy rain
249,Pareora,NZ,-46.6,168.3333,62.29,80,100,8.19,overcast clouds
250,Kununurra,AU,-23.7,133.8833,78.35,36,37,10.36,scattered clouds
251,Aklavik,CA,51.2167,-102.4677,11.26,96,33,4.94,scattered clouds
252,Chokurdakh,RU,50.6789,156.125,31.37,76,36,15.46,scattered clouds
253,Jabiru,AU,-23.7,133.8833,78.35,36,37,10.36,scattered clouds
254,Magnolia,US,19.7297,-155.09,78.53,84,100,6.91,very heavy rain
255,Westport,AU,-28.8667,153.5667,78.01,77,99,23.33,overcast clouds
256,Cayenne,GF,4.9333,-52.3333,78.1,1,100,1.14,overcast clouds
257,Gat,LY,31.2089,16.5887,72.57,22,87,23.49,overcast clouds
258,Puerto Carreno,CO,12.5847,-81.7006,80.62,78,40,10.36,scattered clouds
259,Lovozero,RU,50.6789,156.125,31.37,76,36,15.46,scattered clouds
260,Mahanoro,MG,-25.1667,45.05,65.8,87,0,7.78,clear sky
261,Shirokiy,RU,50.6789,156.125,31.37,76,36,15.46,scattered clouds
262,Boffa,GN,10.1667,-14.0333,77.5,90,6,2.86,clear sky
263,Rongcheng,CN,25.4833,103.7833,58.05,78,90,10.87,overcast clouds
264,Necochea,AR,-54.8,-68.3,46.06,66,40,4.61,scattered clouds
265,Teya,RU,50.6789,156.125,31.37,76,36,15.46,scattered clouds
266,Seymchan,RU,50.6789,156.125,31.37,76,36,15.46,scattered clouds
267,Bonavista,CA,51.2167,-102.4677,11.26,96,33,4.94,scattered clouds
268,Marsa Matruh,EG,31.3525,27.2453,60.57,67,100,7.31,overcast clouds
269,Iquique,CL,-53.15,-70.9167,50.11,57,75,11.5,broken clouds
270,Nago,JP,24.8,125.2833,75.13,87,0,7.18,clear sky
271,Morondava,MG,-25.1667,45.05,65.8,87,0,7.78,clear sky
272,Yar-Sale,RU,50.6789,156.125,31.37,76,36,15.46,scattered clouds
273,Tomatlan,CL,-35.3333,-72.4167,54.3,53,0,6.89,clear sky
274,Brae,GB,56.8095,-2.6549,33.01,78,8,6.71,clear sky
275,Tamandare,BR,-9.6658,-35.7353,76.44,94,75,2.3,broken clouds
276,Muncar,ID,-3.8004,102.2655,84.38,66,44,8.41,scattered clouds
277,Pucallpa,PE,-10.0681,-78.1522,70.66,84,100,10.6,overcast clouds
278,Tawkar,PH,7.9986,124.2928,79.27,71,10,3.98,clear sky
279,Illoqqortoormiut,GL,69.2167,-51.1,19.42,93,100,3.44,overcast clouds
280,Amazar,RU,50.6789,156.125,31.37,76,36,15.46,scattered clouds
281,Pokosnoye,RU,50.6789,156.125,31.37,76,36,15.46,scattered clouds
282,Ruzomberok,SK,49.0748,19.3075,45.84,93,100,3.49,overcast clouds
283,Broome,AU,-23.7,133.8833,78.35,36,37,10.36,scattered clouds
284,Qaanaaq,GL,69.2167,-51.1,19.42,93,100,3.44,overcast clouds
285,Hamilton,US,39.1834,-84.5333,75.97,38,0,28.77,clear sky
286,Santo Tomas,PE,-10.0681,-78.1522,70.66,84,100,10.6,overcast clouds
287,Karaman,TR,37.0833,33.25,40.93,57,40,8.37,scattered clouds
288,Tateyama,JP,24.8,125.2833,75.13,87,0,7.18,clear sky
289,Sabang,ID,-3.8004,102.2655,84.38,66,44,8.41,scattered clouds
290,Snasa,NO,70.8578,29.0864,24.8,70,100,17.96,light snow
291,Petatlan,CL,-35.3333,-72.4167,54.3,53,0,6.89,clear sky
292,Kaitangata,NZ,-46.6,168.3333,62.29,80,100,8.19,overcast clouds
293,Zaqatala,AZ,41.6336,46.6433,45.07,53,20,6.91,few clouds
294,Flin Flon,CA,51.2167,-102.4677,11.26,96,33,4.94,scattered clouds
295,College,US,19.7297,-155.09,78.53,84,100,6.91,very heavy rain
296,Jadu,LY,31.2089,16.5887,72.57,22,87,23.49,overcast clouds
297,Raton,US,19.7297,-155.09,78.53,84,100,6.91,very heavy rain
298,Port Hedland,AU,-23.7,133.8833,78.35,36,37,10.36,scattered clouds
299,Svetlogorsk,RU,50.6789,156.125,31.37,76,36,15.46,scattered clouds
300,Majene,ID,-3.8004,102.2655,84.38,66,44,8.41,scattered clouds
301,Coahuayana,CL,-35.3333,-72.4167,54.3,53,0,6.89,clear sky
302,Middelburg,ZA,-34.5322,20.0403,59.61,82,100,3.22,overcast clouds
303,Erken-Shakhar,RU,50.6789,156.125,31.37,76,36,15.46,scattered clouds
304,Bursol,RU,50.6789,156.125,31.37,76,36,15.46,scattered clouds
305,Thompson,CA,51.2167,-102.4677,11.26,96,33,4.94,scattered clouds
306,Bure,ET,10.7,37.0667,63.12,42,19,2.89,few clouds
307,Pabellon De Arteaga,CL,-35.3333,-72.4167,54.3,53,0,6.89,clear sky
308,Buckeye,US,19.7297,-155.09,78.53,84,100,6.91,very heavy rain
309,Juneau,US,19.7297,-155.09,78.53,84,100,6.91,very heavy rain
310,Georgetown,US,19.7297,-155.09,78.53,84,100,6.91,very heavy rain
311,Mamallapuram,IN,23.1167,83.2,91.51,8,9,4.76,clear sky
312,San Carlos De Bariloche,AR,-54.8,-68.3,46.06,66,40,4.61,scattered clouds
313,Bolshaya Sosnova,RU,50.6789,156.125,31.37,76,36,15.46,scattered clouds
314,Andros Town,BS,24.7,-77.7667,75.16,73,5,22.5,clear sky
315,Biltine,ES,39.8885,4.2658,50.56,93,0,3.44,clear sky
316,Ledyard,US,19.7297,-155.09,78.53,84,100,6.91,very heavy rain
317,Itupiranga,BR,-9.6658,-35.7353,76.44,94,75,2.3,broken clouds
318,Soe,ID,-3.8004,102.2655,84.38,66,44,8.41,scattered clouds
319,Yashalta,RU,50.6789,156.125,31.37,76,36,15.46,scattered clouds
320,Hihifo,TO,-21.2,-175.2,84.36,84,75,11.5,broken clouds
321,Sorong,ID,-3.8004,102.2655,84.38,66,44,8.41,scattered clouds
322,Rio Gallegos,AR,-54.8,-68.3,46.06,66,40,4.61,scattered clouds
323,Tsentralnyy,RU,50.6789,156.125,31.37,76,36,15.46,scattered clouds
324,Bilibino,RU,50.6789,156.125,31.37,76,36,15.46,scattered clouds
325,Abohar,IN,23.1167,83.2,91.51,8,9,4.76,clear sky
326,Vanimo,PG,-9.0763,143.2092,85.37,69,68,7.58,broken clouds
327,Darhan,MN,48.8125,103.5347,31.98,35,100,4.36,overcast clouds
328,Sungurlu,TR,37.0833,33.25,40.93,57,40,8.37,scattered clouds
329,Kitimat,CA,51.2167,-102.4677,11.26,96,33,4.94,scattered clouds
330,Collie,AU,-23.7,133.8833,78.35,36,37,10.36,scattered clouds
331,Sistranda,NO,70.8578,29.0864,24.8,70,100,17.96,light snow
332,Nagtipunan,PH,16.2167,121.6,88.5,52,43,3.29,scattered clouds
333,Jinxiang,CN,25.4833,103.7833,58.05,78,90,10.87,overcast clouds
334,Simao,CN,25.4833,103.7833,58.05,78,90,10.87,overcast clouds
335,Mehamn,NO,70.8578,29.0864,24.8,70,100,17.96,light snow
336,Carlagan,PH,16.2167,121.6,88.5,52,43,3.29,scattered clouds
337,Manono,CD,-7.3,27.4167,65.84,96,64,0.49,broken clouds
338,Custoias,PT,39.05,-27.9833,59.86,90,98,6.71,overcast clouds
339,Robertson,ZA,-34.5322,20.0403,59.61,82,100,3.22,overcast clouds
340,Olinda,BR,-9.6658,-35.7353,76.44,94,75,2.3,broken clouds
341,Estelle,US,19.7297,-155.09,78.53,84,100,6.91,very heavy rain
342,Inta,RU,50.6789,156.125,31.37,76,36,15.46,scattered clouds
343,Tarauaca,BR,-9.6658,-35.7353,76.44,94,75,2.3,broken clouds
344,Sahbuz,AZ,41.6336,46.6433,45.07,53,20,6.91,few clouds
345,Wuwei,CN,25.4833,103.7833,58.05,78,90,10.87,overcast clouds
346,Smithers,CA,51.2167,-102.4677,11.26,96,33,4.94,scattered clouds
347,Fremont,US,19.7297,-155.09,78.53,84,100,6.91,very heavy rain
348,Nguiu,AU,-23.7,133.8833,78.35,36,37,10.36,scattered clouds
349,Yamasaki,JP,24.8,125.2833,75.13,87,0,7.18,clear sky
350,Sambava,MG,-25.1667,45.05,65.8,87,0,7.78,clear sky
351,Campbell River,CA,51.2167,-102.4677,11.26,96,33,4.94,scattered clouds
352,Taltal,CL,-53.15,-70.9167,50.11,57,75,11.5,broken clouds
353,Wulanhaote,CN,25.4833,103.7833,58.05,78,90,10.87,overcast clouds
354,Revda,RU,50.6789,156.125,31.37,76,36,15.46,scattered clouds
355,Vostok,RU,50.6789,156.125,31.37,76,36,15.46,scattered clouds
356,Vardo,NO,70.8578,29.0864,24.8,70,100,17.96,light snow
357,Port-Gentil,GA,-0.7193,8.7815,80.17,84,70,11.7,broken clouds
358,Koslan,RU,50.6789,156.125,31.37,76,36,15.46,scattered clouds
359,Muromtsevo,RU,50.6789,156.125,31.37,76,36,15.46,scattered clouds
360,Lynchburg,US,19.7297,-155.09,78.53,84,100,6.91,very heavy rain
361,Mata De Sao Joao,BR,-9.6658,-35.7353,76.44,94,75,2.3,broken clouds
362,Buraydah,SA,26.326,43.975,66.63,17,0,11.14,clear sky
363,Vila Franca Do Campo,PT,39.05,-27.9833,59.86,90,98,6.71,overcast clouds
364,San Quintin,CL,-35.3333,-72.4167,54.3,53,0,6.89,clear sky
365,Mount Gambier,AU,-23.7,133.8833,78.35,36,37,10.36,scattered clouds
366,Bismarck,US,19.7297,-155.09,78.53,84,100,6.91,very heavy rain
367,Hami,CN,25.4833,103.7833,58.05,78,90,10.87,overcast clouds
368,Sept-Iles,CA,51.2167,-102.4677,11.26,96,33,4.94,scattered clouds
369,Zhezkazgan,KZ,47.8043,67.7144,31.98,80,0,11.18,clear sky
370,Banda Aceh,ID,-3.8004,102.2655,84.38,66,44,8.41,scattered clouds
371,Padang,ID,-3.8004,102.2655,84.38,66,44,8.41,scattered clouds
372,Moose Factory,CA,51.2167,-102.4677,11.26,96,33,4.94,scattered clouds
373,Victoria,US,19.7297,-155.09,78.53,84,100,6.91,very heavy rain
374,Kavaratti,IN,23.1167,83.2,91.51,8,9,4.76,clear sky
375,Gaya,NE,13.8072,8.9881,71.42,5,41,8.63,scattered clouds
376,Vila Do Maio,PT,32.65,-17.0667,63.05,79,0,3.11,clear sky
377,Jacqueville,CI,5.5004,-3.6631,82.27,93,40,3.02,scattered clouds
378,Dhidhdhoo,MV,6.6221,73.07,83.25,71,49,4.03,scattered clouds
379,Sinnamary,GF,4.9333,-52.3333,78.1,1,100,1.14,overcast clouds
380,Magadan,RU,50.6789,156.125,31.37,76,36,15.46,scattered clouds
381,San Patricio,CL,-35.3333,-72.4167,54.3,53,0,6.89,clear sky
382,Geraldton,AU,-23.7,133.8833,78.35,36,37,10.36,scattered clouds
383,Kyshtovka,RU,50.6789,156.125,31.37,76,36,15.46,scattered clouds
384,Zverinogolovskoye,RU,50.6789,156.125,31.37,76,36,15.46,scattered clouds
385,Severo-Yeniseyskiy,RU,50.6789,156.125,31.37,76,36,15.46,scattered clouds
386,Atambua,ID,-3.8004,102.2655,84.38,66,44,8.41,scattered clouds
387,Maneadero,CL,-35.3333,-72.4167,54.3,53,0,6.89,clear sky
388,Roma,AU,-23.7,133.8833,78.35,36,37,10.36,scattered clouds
389,Touros,BR,-9.6658,-35.7353,76.44,94,75,2.3,broken clouds
390,Standish,US,19.7297,-155.09,78.53,84,100,6.91,very heavy rain
391,Safranbolu,TR,37.0833,33.25,40.93,57,40,8.37,scattered clouds
392,Garoua,CM,5.6,14.0833,68.97,36,81,2.75,broken clouds
393,Yelets,RU,50.6789,156.125,31.37,76,36,15.46,scattered clouds
394,Abu Samrah,SY,35.3029,37.1841,50.61,58,0,4.74,clear sky
395,Saint-Georges,GF,4.9333,-52.3333,78.1,1,100,1.14,overcast clouds
396,Coos Bay,US,19.7297,-155.09,78.53,84,100,6.91,very heavy rain
397,Ahuimanu,US,19.7297,-155.09,78.53,84,100,6.91,very heavy rain
398,Kirillov,RU,50.6789,156.125,31.37,76,36,15.46,scattered clouds
399,Harper,LR,4.375,-7.7169,79.43,86,43,6.2,scattered clouds
400,Saldanha,ZA,-34.5322,20.0403,59.61,82,100,3.22,overcast clouds
401,Wajima,JP,24.8,125.2833,75.13,87,0,7.18,clear sky
402,Sao Filipe,PT,32.65,-17.0667,63.05,79,0,3.11,clear sky
403,Llanes,ES,43.4198,-4.7549,49.8,71,100,11.27,overcast clouds
404,Meulaboh,ID,-3.8004,102.2655,84.38,66,44,8.41,scattered clouds
405,Rio Grande,BR,-9.6658,-35.7353,76.44,94,75,2.3,broken clouds
406,Jardim,BR,-9.6658,-35.7353,76.44,94,75,2.3,broken clouds
407,Shelburne,CA,51.2167,-102.4677,11.26,96,33,4.94,scattered clouds
408,Tevriz,RU,50.6789,156.125,31.37,76,36,15.46,scattered clouds
409,Labuhan,ID,-3.8004,102.2655,84.38,66,44,8.41,scattered clouds
410,Yelan-Koleno,RU,50.6789,156.125,31.37,76,36,15.46,scattered clouds
411,Kargasok,RU,50.6789,156.125,31.37,76,36,15.46,scattered clouds
412,Attawapiskat,CA,51.2167,-102.4677,11.26,96,33,4.94,scattered clouds
413,Arawa,PG,-9.0763,143.2092,85.37,69,68,7.58,broken clouds
414,Longyearbyen,SJ,78.2186,15.6401,4.84,66,0,1.14,clear sky
415,Vestmannaeyjar,IS,66.0449,-17.3389,29.46,79,100,5.73,overcast clouds
416,Griffith,AU,-23.7,133.8833,78.35,36,37,10.36,scattered clouds
417,Bambous Virieux,MU,-20.5167,57.5167,77.67,76,87,21.72,overcast clouds
418,Igarka,RU,50.6789,156.125,31.37,76,36,15.46,scattered clouds
419,Mandalgovi,MN,48.8125,103.5347,31.98,35,100,4.36,overcast clouds
420,Cotonou,BJ,6.3654,2.4183,82.85,80,100,9.8,overcast clouds
421,Zavyalovo,RU,50.6789,156.125,31.37,76,36,15.46,scattered clouds
422,Eydhafushi,MV,6.6221,73.07,83.25,71,49,4.03,scattered clouds
423,Lyaskelya,RU,50.6789,156.125,31.37,76,36,15.46,scattered clouds
424,Inderborskiy,KZ,47.8043,67.7144,31.98,80,0,11.18,clear sky
425,Muros,ES,43.4198,-4.7549,49.8,71,100,11.27,overcast clouds
426,Carnot,CF,4.3133,22.5552,74.77,70,72,2.53,broken clouds
427,Naze,JP,24.8,125.2833,75.13,87,0,7.18,clear sky
428,Ulladulla,AU,-23.7,133.8833,78.35,36,37,10.36,scattered clouds
429,Duku,NG,11.2361,4.9073,79.05,9,20,5.53,few clouds
430,Cidreira,BR,-9.6658,-35.7353,76.44,94,75,2.3,broken clouds
431,Toamasina,MG,-25.1667,45.05,65.8,87,0,7.78,clear sky
432,Ishinomaki,JP,24.8,125.2833,75.13,87,0,7.18,clear sky
433,Tabou,CI,5.5004,-3.6631,82.27,93,40,3.02,scattered clouds
434,Sun City West,US,19.7297,-155.09,78.53,84,100,6.91,very heavy rain
435,Winslow,US,19.7297,-155.09,78.53,84,100,6.91,very heavy rain
436,Hurghada,EG,31.3525,27.2453,60.57,67,100,7.31,overcast clouds
437,Saint George,US,39.1834,-84.5333,75.97,38,0,28.77,clear sky
438,Nouakchott,MR,18.0858,-15.9785,69.73,67,100,11.97,overcast clouds
439,Kulu,IN,23.1167,83.2,91.51,8,9,4.76,clear sky
440,Ferme-Neuve,CA,51.2167,-102.4677,11.26,96,33,4.94,scattered clouds
441,Eirunepe,BR,-9.6658,-35.7353,76.44,94,75,2.3,broken clouds
442,Port Lincoln,AU,-23.7,133.8833,78.35,36,37,10.36,scattered clouds
443,Guerrero Negro,CL,-35.3333,-72.4167,54.3,53,0,6.89,clear sky
444,Severobaykalsk,RU,50.6789,156.125,31.37,76,36,15.46,scattered clouds
445,Bikramganj,IN,23.1167,83.2,91.51,8,9,4.76,clear sky
446,Coquimbo,CL,-53.15,-70.9167,50.11,57,75,11.5,broken clouds
447,Barra Patuca,HN,15.8,-84.2833,78.39,82,24,13.51,few clouds
448,Deder,ET,10.7,37.0667,63.12,42,19,2.89,few clouds
449,Beroroha,MG,-25.1667,45.05,65.8,87,0,7.78,clear sky
450,Camargo,CL,-35.3333,-72.4167,54.3,53,0,6.89,clear sky
451,Honningsvag,NO,70.8578,29.0864,24.8,70,100,17.96,light snow
452,Shache,CN,25.4833,103.7833,58.05,78,90,10.87,overcast clouds
453,Samarai,PG,-9.0763,143.2092,85.37,69,68,7.58,broken clouds
454,Mantua,IT,45.1667,10.7833,49.33,96,100,1.99,overcast clouds
455,Buala,SB,-8.145,159.5921,84.25,76,100,2.46,moderate rain
456,Bolungarvik,IS,66.0449,-17.3389,29.46,79,100,5.73,overcast clouds
457,Machali,CL,-53.15,-70.9167,50.11,57,75,11.5,broken clouds
458,Baykit,RU,50.6789,156.125,31.37,76,36,15.46,scattered clouds
459,Kutoarjo,ID,-3.8004,102.2655,84.38,66,44,8.41,scattered clouds
460,Chernyshevskiy,RU,50.6789,156.125,31.37,76,36,15.46,scattered clouds
461,Altdorf,DE,49.3875,11.3572,39.79,93,100,2.26,overcast clouds
462,Kasempa,ZM,-11.8343,31.4529,61.38,96,98,9.08,overcast clouds
463,Kaeo,NZ,-46.6,168.3333,62.29,80,100,8.19,overcast clouds
464,Kawalu,ID,-3.8004,102.2655,84.38,66,44,8.41,scattered clouds
465,Olovyannaya,RU,50.6789,156.125,31.37,76,36,15.46,scattered clouds
466,Quelimane,MZ,-17.8786,36.8883,71.64,96,20,3.06,light rain
467,Manta,VE,7.7669,-72.225,68.18,67,100,1.25,overcast clouds
468,Mumbwa,ZM,-11.8343,31.4529,61.38,96,98,9.08,overcast clouds
469,Ylivieska,FI,64.0833,24.55,24.31,97,100,4.54,light snow
470,Kungurtug,RU,50.6789,156.125,31.37,76,36,15.46,scattered clouds
471,Fort Nelson,CA,51.2167,-102.4677,11.26,96,33,4.94,scattered clouds
472,Bubaque,GW,11.2833,-15.8333,75.15,74,60,12.03,broken clouds
473,Te Anau,NZ,-46.6,168.3333,62.29,80,100,8.19,overcast clouds
474,Bonaventure,CA,51.2167,-102.4677,11.26,96,33,4.94,scattered clouds
475,Grimshaw,CA,51.2167,-102.4677,11.26,96,33,4.94,scattered clouds
476,Arroyo,US,19.7297,-155.09,78.53,84,100,6.91,very heavy rain
477,Olafsvik,IS,66.0449,-17.3389,29.46,79,100,5.73,overcast clouds
478,Adre,ES,39.8885,4.2658,50.56,93,0,3.44,clear sky
479,Trincomalee,LK,7.7102,81.6924,80.31,76,8,3.06,clear sky
480,Pedasi,PA,8.5,-82.4333,75.61,94,20,1.14,few clouds
481,Tecolutla,CL,-35.3333,-72.4167,54.3,53,0,6.89,clear sky
482,Barguzin,RU,50.6789,156.125,31.37,76,36,15.46,scattered clouds
483,Ilebo,CD,-7.3,27.4167,65.84,96,64,0.49,broken clouds
484,Halifax,CA,51.2167,-102.4677,11.26,96,33,4.94,scattered clouds
485,Klichka,RU,50.6789,156.125,31.37,76,36,15.46,scattered clouds
486,Nyalikungu,TZ,-7.9139,39.6668,77.67,86,93,8.43,moderate rain
487,Louis Trichardt,ZA,-34.5322,20.0403,59.61,82,100,3.22,overcast clouds
488,Batagay-Alyta,RU,50.6789,156.125,31.37,76,36,15.46,scattered clouds
489,Garmisch-Partenkirchen,DE,49.3875,11.3572,39.79,93,100,2.26,overcast clouds
490,Maciel,AR,-32.4557,-60.8874,47.46,43,0,3.85,clear sky
491,Dana Point,US,19.7297,-155.09,78.53,84,100,6.91,very heavy rain
492,Matara,LK,7.7102,81.6924,80.31,76,8,3.06,clear sky
493,Nouadhibou,MR,18.0858,-15.9785,69.73,67,100,11.97,overcast clouds
494,Acajutla,SV,13.5928,-89.8275,80.44,72,61,6.02,broken clouds
495,Omboue,GA,-0.7193,8.7815,80.17,84,70,11.7,broken clouds
496,Idah,NG,11.2361,4.9073,79.05,9,20,5.53,few clouds
497,Dingle,AU,-28.8667,153.5667,78.01,77,99,23.33,overcast clouds
498,Clarksdale,US,19.7297,-155.09,78.53,84,100,6.91,very heavy rain
499,Moron,MN,48.8125,103.5347,31.98,35,100,4.36,overcast clouds
500,Krasnoselkup,RU,50.6789,156.125,31.37,76,36,15.46,scattered clouds
501,Santa Rosa,US,37.7799,-121.978,54.64,82,20,10.36,few clouds
502,Bobo Dioulasso,BF,11.1771,-4.2979,83.32,25,31,2.19,scattered clouds
503,Morgan City,US,19.7297,-155.09,78.53,84,100,6.91,very heavy rain
504,Bardiyah,LY,31.2089,16.5887,72.57,22,87,23.49,overcast clouds
505,Union,PH,16.2167,121.6,88.5,52,43,3.29,scattered clouds
506,Lorengau,PG,-9.0763,143.2092,85.37,69,68,7.58,broken clouds
507,Hofn,IS,66.0449,-17.3389,29.46,79,100,5.73,overcast clouds
508,Nelson Bay,AU,-23.7,133.8833,78.35,36,37,10.36,scattered clouds
509,Waipawa,NZ,-46.6,168.3333,62.29,80,100,8.19,overcast clouds
510,Catamarca,AR,-54.8,-68.3,46.06,66,40,4.61,scattered clouds
511,Pauini,BR,-9.6658,-35.7353,76.44,94,75,2.3,broken clouds
512,Preobrazheniye,RU,50.6789,156.125,31.37,76,36,15.46,scattered clouds
513,Turayf,SA,26.326,43.975,66.63,17,0,11.14,clear sky
514,Chipinge,ZW,-20.1883,32.6236,56.5,87,0,2.77,clear sky
515,Luwuk,ID,-3.8004,102.2655,84.38,66,44,8.41,scattered clouds
516,Santa Rosa,AR,-54.8,-68.3,46.06,66,40,4.61,scattered clouds
517,Makat,KZ,47.8043,67.7144,31.98,80,0,11.18,clear sky
518,Uniara,IN,23.1167,83.2,91.51,8,9,4.76,clear sky
519,Shakawe,BW,-18.3667,21.85,65.79,93,93,3.6,overcast clouds
520,Saint-Joseph,RE,-21.3585,55.7679,76.59,75,88,16.06,overcast clouds
521,Manzhouli,CN,25.4833,103.7833,58.05,78,90,10.87,overcast clouds
522,Diamantino,BR,-9.6658,-35.7353,76.44,94,75,2.3,broken clouds
523,Mitu,CO,12.5847,-81.7006,80.62,78,40,10.36,scattered clouds
524,Monrovia,LR,4.375,-7.7169,79.43,86,43,6.2,scattered clouds
525,Puyang,CN,25.4833,103.7833,58.05,78,90,10.87,overcast clouds
526,Waalwijk,NL,51.6897,5.0172,40.28,63,100,11.5,overcast clouds
527,Makakilo City,US,19.7297,-155.09,78.53,84,100,6.91,very heavy rain
528,Bodden Town,KY,19.2833,-81.25,80.6,81,20,10.36,few clouds
529,Severnyy,RU,50.6789,156.125,31.37,76,36,15.46,scattered clouds
530,Tsihombe,MG,-25.1667,45.05,65.8,87,0,7.78,clear sky
531,Nemuro,JP,24.8,125.2833,75.13,87,0,7.18,clear sky
532,Riyadh,SA,26.326,43.975,66.63,17,0,11.14,clear sky
533,Mildura,AU,-23.7,133.8833,78.35,36,37,10.36,scattered clouds
534,Palabuhanratu,ID,-3.8004,102.2655,84.38,66,44,8.41,scattered clouds
535,Iberia,PE,-10.0681,-78.1522,70.66,84,100,10.6,overcast clouds
536,Sabha,LY,27.0377,14.4283,74.23,10,100,18.16,overcast clouds
537,Amapa,BR,-9.6658,-35.7353,76.44,94,75,2.3,broken clouds
538,Broken Hill,AU,-23.7,133.8833,78.35,36,37,10.36,scattered clouds
539,Tazovskiy,RU,50.6789,156.125,31.37,76,36,15.46,scattered clouds
540,East Foothills,US,19.7297,-155.09,78.53,84,100,6.91,very heavy rain
541,Opuwo,NA,-26.6481,15.1594,61.56,66,0,14.34,clear sky
542,Cooma,AU,-23.7,133.8833,78.35,36,37,10.36,scattered clouds
543,Martapura,ID,-3.8004,102.2655,84.38,66,44,8.41,scattered clouds
544,Lianran,CN,25.4833,103.7833,58.05,78,90,10.87,overcast clouds
545,Yantarnyy,RU,50.6789,156.125,31.37,76,36,15.46,scattered clouds
546,Sulangan,PH,16.2167,121.6,88.5,52,43,3.29,scattered clouds
547,Bhanpuri,IN,23.1167,83.2,91.51,8,9,4.76,clear sky
548,Jimo,CN,25.4833,103.7833,58.05,78,90,10.87,overcast clouds
549,Two Hills,CA,51.2167,-102.4677,11.26,96,33,4.94,scattered clouds
550,Tres Coracoes,BR,-9.6658,-35.7353,76.44,94,75,2.3,broken clouds
551,Suluq,LY,31.2089,16.5887,72.57,22,87,23.49,overcast clouds
552,Kajaani,FI,64.0833,24.55,24.31,97,100,4.54,light snow
553,Daudnagar,IN,23.1167,83.2,91.51,8,9,4.76,clear sky
554,Along,IN,23.1167,83.2,91.51,8,9,4.76,clear sky
555,Nesna,NO,70.8578,29.0864,24.8,70,100,17.96,light snow
556,Moctezuma,CL,-35.3333,-72.4167,54.3,53,0,6.89,clear sky
557,Fort Saint John,CA,51.2167,-102.4677,11.26,96,33,4.94,scattered clouds
558,Zapolyarnyy,RU,50.6789,156.125,31.37,76,36,15.46,scattered clouds
559,Ambilobe,MG,-25.1667,45.05,65.8,87,0,7.78,clear sky
560,Khani,RU,50.6789,156.125,31.37,76,36,15.46,scattered clouds
561,Lamar,US,19.7297,-155.09,78.53,84,100,6.91,very heavy rain
562,Gizo,SB,-8.145,159.5921,84.25,76,100,2.46,moderate rain
563,Shuya,RU,50.6789,156.125,31.37,76,36,15.46,scattered clouds
564,Bucerias,CL,-35.3333,-72.4167,54.3,53,0,6.89,clear sky
565,Tsiroanomandidy,MG,-25.1667,45.05,65.8,87,0,7.78,clear sky
566,Sydney Mines,CA,51.2167,-102.4677,11.26,96,33,4.94,scattered clouds
567,Xudat,AZ,41.6336,46.6433,45.07,53,20,6.91,few clouds
568,Cowra,AU,-23.7,133.8833,78.35,36,37,10.36,scattered clouds
569,Rawson,AR,-54.8,-68.3,46.06,66,40,4.61,scattered clouds
570,Manaus,BR,-9.6658,-35.7353,76.44,94,75,2.3,broken clouds
571,Pochutla,CL,-35.3333,-72.4167,54.3,53,0,6.89,clear sky
572,Batie,BF,11.1771,-4.2979,83.32,25,31,2.19,scattered clouds
573,Leh,IN,23.1167,83.2,91.51,8,9,4.76,clear sky
574,Mayo,CA,51.2167,-102.4677,11.26,96,33,4.94,scattered clouds
575,Bilma,NE,13.8072,8.9881,71.42,5,41,8.63,scattered clouds
576,Trelew,AR,-54.8,-68.3,46.06,66,40,4.61,scattered clouds
577,Caucaia,BR,-9.6658,-35.7353,76.44,94,75,2.3,broken clouds
578,Mecca,SA,26.326,43.975,66.63,17,0,11.14,clear sky
579,Mackay,AU,-23.7,133.8833,78.35,36,37,10.36,scattered clouds
580,Babanusah,PH,7.9986,124.2928,79.27,71,10,3.98,clear sky
581,Urumqi,CN,25.4833,103.7833,58.05,78,90,10.87,overcast clouds
582,Wakkanai,JP,24.8,125.2833,75.13,87,0,7.18,clear sky
583,Aksay,KZ,47.8043,67.7144,31.98,80,0,11.18,clear sky
584,Pangody,RU,50.6789,156.125,31.37,76,36,15.46,scattered clouds
585,Bukachacha,RU,50.6789,156.125,31.37,76,36,15.46,scattered clouds
586,Da Nang,VN,13.0833,109.3,75.45,92,100,10.92,overcast clouds
587,Iskitim,RU,50.6789,156.125,31.37,76,36,15.46,scattered clouds
588,New Smyrna Beach,US,19.7297,-155.09,78.53,84,100,6.91,very heavy rain
589,Los Llanos De Aridane,ES,43.4198,-4.7549,49.8,71,100,11.27,overcast clouds
590,Maragogi,BR,-9.6658,-35.7353,76.44,94,75,2.3,broken clouds
591,Clyde River,CA,51.2167,-102.4677,11.26,96,33,4.94,scattered clouds
592,Kasungu,MW,-13.0333,33.4833,62.46,98,21,4.68,few clouds
593,Ailigandi,PA,8.5,-82.4333,75.61,94,20,1.14,few clouds
594,Khandyga,RU,50.6789,156.125,31.37,76,36,15.46,scattered clouds
595,Storforshei,NO,70.8578,29.0864,24.8,70,100,17.96,light snow
596,Alekseyevskaya,RU,50.6789,156.125,31.37,76,36,15.46,scattered clouds
597,Haines Junction,CA,51.2167,-102.4677,11.26,96,33,4.94,scattered clouds
598,Macas,VE,7.7669,-72.225,68.18,67,100,1.25,overcast clouds
599,Astana,KZ,47.8043,67.7144,31.98,80,0,11.18,clear sky
600,Bairiki,KI,1.3292,172.9752,86.0,70,20,8.05,few clouds
601,Rafai,CF,4.3133,22.5552,74.77,70,72,2.53,broken clouds
602,Pano Aqil,PK,27.8569,69.1116,66.09,6,0,9.84,clear sky
603,Ginda,ER,13.9297,41.6925,83.37,30,0,15.59,clear sky
604,Orcopampa,PE,-10.0681,-78.1522,70.66,84,100,10.6,overcast clouds
605,Bex,CH,46.2521,7.0114,49.8,93,100,0.18,overcast clouds
606,Half Moon Bay,US,19.7297,-155.09,78.53,84,100,6.91,very heavy rain
607,Vodnyy,RU,50.6789,156.125,31.37,76,36,15.46,scattered clouds
608,Kurilsk,RU,50.6789,156.125,31.37,76,36,15.46,scattered clouds
609,Seoni Malwa,IN,23.1167,83.2,91.51,8,9,4.76,clear sky
610,Mangai,CD,-7.3,27.4167,65.84,96,64,0.49,broken clouds
611,Jutai,BR,-9.6658,-35.7353,76.44,94,75,2.3,broken clouds
612,Redmond,US,19.7297,-155.09,78.53,84,100,6.91,very heavy rain
613,Koumac,NC,-22.6667,167.4833,78.78,85,8,16.17,clear sky
614,Sargodha,PK,27.8569,69.1116,66.09,6,0,9.84,clear sky
615,Namatanai,PG,-9.0763,143.2092,85.37,69,68,7.58,broken clouds
616,Saint-Pierre,RE,-21.3393,55.4781,76.68,70,40,18.41,scattered clouds
617,Peace River,CA,51.2167,-102.4677,11.26,96,33,4.94,scattered clouds
618,San Luis,CL,-35.3333,-72.4167,54.3,53,0,6.89,clear sky
619,Vila Velha,BR,-9.6658,-35.7353,76.44,94,75,2.3,broken clouds
620,Saurimo,AO,-6.1349,12.3689,77.97,89,77,9.13,broken clouds
621,Charcas,CL,-35.3333,-72.4167,54.3,53,0,6.89,clear sky
622,Cartagena,CO,12.5847,-81.7006,80.62,78,40,10.36,scattered clouds
623,Rafaela,AR,-54.8,-68.3,46.06,66,40,4.61,scattered clouds
624,Egvekinot,RU,50.6789,156.125,31.37,76,36,15.46,scattered clouds
625,Yarim,YE,14.298,44.3779,48.78,28,0,6.64,clear sky
626,Ponta Delgada,PT,39.05,-27.9833,59.86,90,98,6.71,overcast clouds
627,San Policarpo,PH,16.2167,121.6,88.5,52,43,3.29,scattered clouds
628,Shubarkuduk,KZ,47.8043,67.7144,31.98,80,0,11.18,clear sky
629,Kalomo,ZM,-11.8343,31.4529,61.38,96,98,9.08,overcast clouds
630,Malino,RU,50.6789,156.125,31.37,76,36,15.46,scattered clouds
631,Pasighat,IN,23.1167,83.2,91.51,8,9,4.76,clear sky
632,Taree,AU,-23.7,133.8833,78.35,36,37,10.36,scattered clouds
633,Russell,NZ,-46.6,168.3333,62.29,80,100,8.19,overcast clouds
634,Roald,NO,70.8578,29.0864,24.8,70,100,17.96,light snow
635,Virden,CA,51.2167,-102.4677,11.26,96,33,4.94,scattered clouds
636,Merauke,ID,-3.8004,102.2655,84.38,66,44,8.41,scattered clouds
637,Indramayu,ID,-3.8004,102.2655,84.38,66,44,8.41,scattered clouds
638,Aleksandrov Gay,RU,50.6789,156.125,31.37,76,36,15.46,scattered clouds
639,Sisimiut,GL,69.2167,-51.1,19.42,93,100,3.44,overcast clouds
640,Puerto Escondido,CL,-35.3333,-72.4167,54.3,53,0,6.89,clear sky
641,Bonfim,BR,-9.6658,-35.7353,76.44,94,75,2.3,broken clouds
642,Severomuysk,RU,50.6789,156.125,31.37,76,36,15.46,scattered clouds
643,Santa Isabel Do Rio Negro,BR,-9.6658,-35.7353,76.44,94,75,2.3,broken clouds
644,Vikhorevka,RU,50.6789,156.125,31.37,76,36,15.46,scattered clouds
645,Pacifica,US,19.7297,-155.09,78.53,84,100,6.91,very heavy rain
646,Linkou,CN,25.4833,103.7833,58.05,78,90,10.87,overcast clouds
647,Nacogdoches,US,19.7297,-155.09,78.53,84,100,6.91,very heavy rain
648,Dalvik,IS,66.0449,-17.3389,29.46,79,100,5.73,overcast clouds
649,San Pedro,US,37.7799,-121.978,54.64,82,20,10.36,few clouds
650,Navalmoral De La Mata,ES,43.4198,-4.7549,49.8,71,100,11.27,overcast clouds
651,Dicabisagan,PH,16.2167,121.6,88.5,52,43,3.29,scattered clouds
652,Christchurch,NZ,-46.6,168.3333,62.29,80,100,8.19,overcast clouds
653,Iracoubo,GF,4.9333,-52.3333,78.1,1,100,1.14,overcast clouds
654,Remanso,BR,-9.6658,-35.7353,76.44,94,75,2.3,broken clouds
655,Maitum,PH,16.2167,121.6,88.5,52,43,3.29,scattered clouds
656,Hare Bay,CA,51.2167,-102.4677,11.26,96,33,4.94,scattered clouds
657,Tapaua,BR,-9.6658,-35.7353,76.44,94,75,2.3,broken clouds
658,Lata,SB,-8.145,159.5921,84.25,76,100,2.46,moderate rain
659,Honiara,SB,-8.145,159.5921,84.25,76,100,2.46,moderate rain
660,Karratha,AU,-23.7,133.8833,78.35,36,37,10.36,scattered clouds
661,Miri,MY,6.0333,102.2833,85.62,69,96,3.69,overcast clouds
662,Dukat,RU,50.6789,156.125,31.37,76,36,15.46,scattered clouds
663,Zhigansk,RU,50.6789,156.125,31.37,76,36,15.46,scattered clouds
664,Pitimbu,BR,-9.6658,-35.7353,76.44,94,75,2.3,broken clouds
665,Westport,NZ,-46.6,168.3333,62.29,80,100,8.19,overcast clouds
666,Mugumu,TZ,-7.9139,39.6668,77.67,86,93,8.43,moderate rain
667,Mackenzie,CA,51.2167,-102.4677,11.26,96,33,4.94,scattered clouds
668,Santa Lucia,ES,43.4198,-4.7549,49.8,71,100,11.27,overcast clouds
669,Poum,NC,-22.6667,167.4833,78.78,85,8,16.17,clear sky
670,Vana-Vigala,EE,58.7806,24.2522,25.84,82,43,2.66,scattered clouds
671,Bandarbeyla,SO,9.4942,50.8122,79.14,74,77,6.44,broken clouds
672,Dzhebariki-Khaya,RU,50.6789,156.125,31.37,76,36,15.46,scattered clouds
673,Dali,CN,25.4833,103.7833,58.05,78,90,10.87,overcast clouds
674,Oranjemund,NA,-26.6481,15.1594,61.56,66,0,14.34,clear sky
675,Whithorn,GB,56.8095,-2.6549,33.01,78,8,6.71,clear sky
676,Tuckahoe,US,19.7297,-155.09,78.53,84,100,6.91,very heavy rain
677,Tadine,NC,-22.6667,167.4833,78.78,85,8,16.17,clear sky
678,Rovira,CO,12.5847,-81.7006,80.62,78,40,10.36,scattered clouds
679,Concarneau,FR,49.1871,2.4144,44.89,90,100,6.96,overcast clouds
680,Mwinilunga,ZM,-11.8343,31.4529,61.38,96,98,9.08,overcast clouds
681,Manati,IT,45.1667,10.7833,49.33,96,100,1.99,overcast clouds
682,Kalmunai,LK,7.7102,81.6924,80.31,76,8,3.06,clear sky
683,Jiaozuo,CN,25.4833,103.7833,58.05,78,90,10.87,overcast clouds
684,Qobustan,AZ,41.6336,46.6433,45.07,53,20,6.91,few clouds
685,Tabuk,SA,26.326,43.975,66.63,17,0,11.14,clear sky
686,San Ignacio,US,37.7799,-121.978,54.64,82,20,10.36,few clouds
687,Charters Towers,AU,-23.7,133.8833,78.35,36,37,10.36,scattered clouds
688,Quatre Cocos,MU,-20.5167,57.5167,77.67,76,87,21.72,overcast clouds
689,Xichang,CN,25.4833,103.7833,58.05,78,90,10.87,overcast clouds
690,Saint Anthony,CA,51.2167,-102.4677,11.26,96,33,4.94,scattered clouds
691,Juba,PH,7.9986,124.2928,79.27,71,10,3.98,clear sky
692,Fengrun,CN,25.4833,103.7833,58.05,78,90,10.87,overcast clouds
693,Aykhal,RU,50.6789,156.125,31.37,76,36,15.46,scattered clouds
694,Yarada,IN,23.1167,83.2,91.51,8,9,4.76,clear sky
695,Maarianhamina,FI,64.0833,24.55,24.31,97,100,4.54,light snow
696,Sungaipenuh,ID,-3.8004,102.2655,84.38,66,44,8.41,scattered clouds
697,Agua Verde,CL,-35.3333,-72.4167,54.3,53,0,6.89,clear sky
